fx,orientation,trans,win_e,win_w
137.51429311067912,72.73,0.6424,4.663,4.6530000000000005
